{
    "R": {
        "rightDownCornerR": 114.0175425099138,
        "middleCornerV": 519.572901525859,
        "U": 286.75425018646195,
        "middleU_V2": 303.2160945596391,
        "middleCornerV2": 483.86775052693895,
        "T": 217.63501556505102,
        "accessT": 180.42172818150257,
        "middleCornerT": 190.3785702225962,
        "leftDownCornerU": 282.7083302628347,
        "leftUpCornerU": 345.05072090925995,
        "leftUpCornerT": 224.61522655421203,
        "V": 605.9570941906695,
        "rightDownCornerV": 427.2750870341027,
        "rightUpCornerV2": 385.6475074468912,
        "rightDownCornerV2": 319.06112267087633,
        "V2": 449.6576475497776
    },
    "rightDownCornerR": {
        "R": 114.0175425099138,
        "middleCornerV": 601.0158067804873,
        "U": 266.27053911388697,
        "middleU_V2": 366.6115110031326,
        "middleCornerV2": 571.0131347000697,
        "T": 184.00271737123884,
        "accessT": 153.3101431738944,
        "middleCornerT": 160.61133210331082,
        "leftDownCornerU": 335.2193311848229,
        "leftUpCornerU": 390.08204265256813,
        "leftUpCornerT": 289.9448223369405,
        "V": 697.3377947594695,
        "rightDownCornerV": 482.44792465094093,
        "rightUpCornerV2": 449.2883261336755,
        "rightDownCornerV2": 390.486875579705,
        "V2": 545.0944872221696
    },
    "middleCornerV": {
        "R": 519.572901525859,
        "rightDownCornerR": 601.0158067804873,
        "U": 466.64761865887624,
        "middleU_V2": 243.3105012119288,
        "middleCornerV2": 52.03844732503075,
        "T": 503.5603240923574,
        "accessT": 500.0359987040933,
        "middleCornerT": 501.78082864932173,
        "leftDownCornerU": 284.70335438838794,
        "leftUpCornerU": 261.2278698760911,
        "leftUpCornerT": 312.9472799050984,
        "V": 122.06555615733703,
        "rightDownCornerV": 180.17769007288334,
        "rightUpCornerV2": 173.6663467687393,
        "rightDownCornerV2": 213.06337085477645,
        "V2": 120.81390648431164
    },
    "U": {
        "R": 286.75425018646195,
        "rightDownCornerR": 266.27053911388697,
        "middleCornerV": 466.64761865887624,
        "middleU_V2": 236.03389587091087,
        "middleCornerV2": 458.4888221102015,
        "T": 82.73451516749222,
        "accessT": 114.28035701729323,
        "middleCornerT": 106.01886624558857,
        "leftDownCornerU": 192.0,
        "leftUpCornerU": 206.18438350175796,
        "leftUpCornerT": 206.18438350175796,
        "V": 584.8247600777519,
        "rightDownCornerV": 298.9314302645341,
        "rightUpCornerV2": 292.9846412356798,
        "rightDownCornerV2": 272.0073528417936,
        "V2": 466.0171670657638
    },
    "middleU_V2": {
        "R": 303.2160945596391,
        "rightDownCornerR": 366.6115110031326,
        "middleCornerV": 243.3105012119288,
        "U": 236.03389587091087,
        "middleCornerV2": 226.10616975217638,
        "T": 261.5434954266689,
        "accessT": 256.7255343747482,
        "middleCornerT": 258.5652722234755,
        "leftDownCornerU": 44.181444068749045,
        "leftUpCornerU": 72.11102550927978,
        "leftUpCornerT": 78.89233169326408,
        "V": 354.8351730029029,
        "rightDownCornerV": 125.2836781069266,
        "rightUpCornerV2": 83.23460818673925,
        "rightDownCornerV2": 36.05551275463989,
        "V2": 230.13908837917995
    },
    "middleCornerV2": {
        "R": 483.86775052693895,
        "rightDownCornerR": 571.0131347000697,
        "middleCornerV": 52.03844732503075,
        "U": 458.4888221102015,
        "middleU_V2": 226.10616975217638,
        "T": 487.3817805375987,
        "accessT": 480.20828814171875,
        "middleCornerT": 482.9120002650586,
        "leftDownCornerU": 269.7035409482048,
        "leftUpCornerU": 258.0,
        "leftUpCornerT": 288.00694436072195,
        "V": 129.24395537122808,
        "rightDownCornerV": 191.63506985935533,
        "rightUpCornerV2": 170.18813119603846,
        "rightDownCornerV2": 192.27064258487306,
        "V2": 69.05070600652827
    },
    "T": {
        "R": 217.63501556505102,
        "rightDownCornerR": 184.00271737123884,
        "middleCornerV": 503.5603240923574,
        "U": 82.73451516749222,
        "middleU_V2": 261.5434954266689,
        "middleCornerV2": 487.3817805375987,
        "accessT": 37.21558813185679,
        "middleCornerT": 27.294688127912362,
        "leftDownCornerU": 218.93606372637652,
        "leftUpCornerU": 253.3081127796739,
        "leftUpCornerT": 207.78113485107352,
        "V": 616.3286460971939,
        "rightDownCornerV": 350.03571246374275,
        "rightUpCornerV2": 332.77770358003255,
        "rightDownCornerV2": 295.2033197645311,
        "V2": 483.335287352372
    },
    "accessT": {
        "R": 180.42172818150257,
        "rightDownCornerR": 153.3101431738944,
        "middleCornerV": 500.0359987040933,
        "U": 114.28035701729323,
        "middleU_V2": 256.7255343747482,
        "middleCornerV2": 480.20828814171875,
        "T": 37.21558813185679,
        "middleCornerT": 10.0,
        "leftDownCornerU": 216.453228204155,
        "leftUpCornerU": 258.897663179875,
        "leftUpCornerT": 194.53534383242547,
        "V": 609.4522130569385,
        "rightDownCornerV": 355.44338508403837,
        "rightUpCornerV2": 332.8242779606079,
        "rightDownCornerV2": 288.36088500349695,
        "V2": 471.0244155030607
    },
    "middleCornerT": {
        "R": 190.3785702225962,
        "rightDownCornerR": 160.61133210331082,
        "middleCornerV": 501.78082864932173,
        "U": 106.01886624558857,
        "middleU_V2": 258.5652722234755,
        "middleCornerV2": 482.9120002650586,
        "T": 27.294688127912362,
        "accessT": 10.0,
        "leftDownCornerU": 217.56838005555863,
        "leftUpCornerU": 257.9457307264456,
        "leftUpCornerT": 198.4943324127921,
        "V": 612.1339722642422,
        "rightDownCornerV": 354.682957019364,
        "rightUpCornerV2": 333.4786349978061,
        "rightDownCornerV2": 290.7988995852632,
        "V2": 475.0789408087881
    },
    "leftDownCornerU": {
        "R": 282.7083302628347,
        "rightDownCornerR": 335.2193311848229,
        "middleCornerV": 284.70335438838794,
        "U": 192.0,
        "middleU_V2": 44.181444068749045,
        "middleCornerV2": 269.7035409482048,
        "T": 218.93606372637652,
        "accessT": 216.453228204155,
        "middleCornerT": 217.56838005555863,
        "leftUpCornerU": 64.1248781675256,
        "leftUpCornerT": 64.1248781675256,
        "V": 398.08039389048037,
        "rightDownCornerV": 147.56693396557372,
        "rightUpCornerV2": 116.82465493208187,
        "rightDownCornerV2": 80.02499609497022,
        "V2": 274.02919552485645
    },
    "leftUpCornerU": {
        "R": 345.05072090925995,
        "rightDownCornerR": 390.08204265256813,
        "middleCornerV": 261.2278698760911,
        "U": 206.18438350175796,
        "middleU_V2": 72.11102550927978,
        "middleCornerV2": 258.0,
        "T": 253.3081127796739,
        "accessT": 258.897663179875,
        "middleCornerT": 257.9457307264456,
        "leftDownCornerU": 64.1248781675256,
        "leftUpCornerT": 128.0,
        "V": 381.03543142337827,
        "rightDownCornerV": 96.82974749528164,
        "rightUpCornerV2": 88.36288813749809,
        "rightDownCornerV2": 98.08159868191383,
        "V2": 278.43132007732174
    },
    "leftUpCornerT": {
        "R": 224.61522655421203,
        "rightDownCornerR": 289.9448223369405,
        "middleCornerV": 312.9472799050984,
        "U": 206.18438350175796,
        "middleU_V2": 78.89233169326408,
        "middleCornerV2": 288.00694436072195,
        "T": 207.78113485107352,
        "accessT": 194.53534383242547,
        "middleCornerT": 198.4943324127921,
        "leftDownCornerU": 64.1248781675256,
        "leftUpCornerU": 128.0,
        "V": 416.96522636785915,
        "rightDownCornerV": 202.78066969018522,