{
    "R": {
        "rightDownCornerR": 114.0175425099138,
        "U": 286.75425018646195,
        "T": 217.63501556505102,
        "accessT": 191.60375779195982,
        "middleCornerT": 190.3785702225962,
        "leftDownCornerU": 290.46170143411337,
        "V": 605.9570941906695,
        "rightDownCornerV": 427.2750870341027,
        "rightUpCornerV2": 380.13155617496426,
        "rightDownCornerV2": 319.06112267087633
    },
    "rightDownCornerR": {
        "R": 114.0175425099138,
        "U": 266.27053911388697,
        "T": 184.00271737123884,
        "accessT": 152.0,
        "middleCornerT": 160.61133210331082,
        "leftDownCornerU": 349.0444097819073,
        "V": 697.3377947594695,
        "rightDownCornerV": 482.44792465094093,
        "rightUpCornerV2": 441.47480109288233,
        "rightDownCornerV2": 390.486875579705
    },
    "U": {
        "R": 286.75425018646195,
        "rightDownCornerR": 266.27053911388697,
        "T": 82.73451516749222,
        "accessT": 114.6298390472568,
        "middleCornerT": 106.01886624558857,
        "leftDownCornerU": 214.0,
        "V": 584.8247600777519,
        "rightDownCornerV": 298.9314302645341,
        "rightUpCornerV2": 281.3680863211036,
        "rightDownCornerV2": 272.0073528417936
    },
    "T": {
        "R": 217.63501556505102,
        "rightDownCornerR": 184.00271737123884,
        "U": 82.73451516749222,
        "accessT": 32.01562118716424,
        "middleCornerT": 27.294688127912362,
        "leftDownCornerU": 239.47651241823277,
        "V": 616.3286460971939,
        "rightDownCornerV": 350.03571246374275,
        "rightUpCornerV2": 322.18783341398847,
        "rightDownCornerV2": 295.2033197645311
    },
    "accessT": {
        "R": 191.60375779195982,
        "rightDownCornerR": 152.0,
        "U": 114.6298390472568,
        "T": 32.01562118716424,
        "middleCornerT": 16.1245154965971,
        "leftDownCornerU": 253.12447530809817,
        "V": 628.0700597863267,
        "rightDownCornerV": 370.5401462729781,
        "rightUpCornerV2": 339.4878495616596,
        "rightDownCornerV2": 306.7767918210242
    },
    "middleCornerT": {
        "R": 190.3785702225962,
        "rightDownCornerR": 160.61133210331082,
        "U": 106.01886624558857,
        "T": 27.294688127912362,
        "accessT": 16.1245154965971,
        "leftDownCornerU": 237.0232056149777,
        "V": 612.1339722642422,
        "rightDownCornerV": 354.682957019364,
        "rightUpCornerV2": 323.39449593337235,
        "rightDownCornerV2": 290.7988995852632
    },
    "leftDownCornerU": {
        "R": 290.46170143411337,
        "rightDownCornerR": 349.0444097819073,
        "U": 214.0,
        "T": 239.47651241823277,
        "accessT": 253.12447530809817,
        "middleCornerT": 237.0232056149777,
        "V": 377.01989337434173,
        "rightDownCornerV": 136.8941196691808,
        "rightUpCornerV2": 92.45539465060976,
        "rightDownCornerV2": 58.034472514187634
    },
    "V": {
        "R": 605.9570941906695,
        "rightDownCornerR": 697.3377947594695,
        "U": 584.8247600777519,
        "T": 616.3286460971939,
        "accessT": 628.0700597863267,
        "middleCornerT": 612.1339722642422,
        "leftDownCornerU": 377.01989337434173,
        "rightDownCornerV": 302.2383165649253,
        "rightUpCornerV2": 304.63748948545384,
        "rightDownCornerV2": 321.40939625343873
    },
    "rightDownCornerV": {
        "R": 427.2750870341027,
        "rightDownCornerR": 482.44792465094093,
        "U": 298.9314302645341,
        "T": 350.03571246374275,
        "accessT": 370.5401462729781,
        "middleCornerT": 354.682957019364,
        "leftDownCornerU": 136.8941196691808,
        "V": 302.2383165649253,
        "rightUpCornerV2": 52.0,
        "rightDownCornerV2": 122.0
    },
    "rightUpCornerV2": {
        "R": 380.13155617496426,
        "rightDownCornerR": 441.47480109288233,
        "U": 281.3680863211036,
        "T": 322.18783341398847,
        "accessT": 339.4878495616596,
        "middleCornerT": 323.39449593337235,
        "leftDownCornerU": 92.45539465060976,
        "V": 304.63748948545384,
        "rightDownCornerV": 52.0,
        "rightDownCornerV2": 70.0
    },
    "rightDownCornerV2": {
        "R": 319.06112267087633,
        "rightDownCornerR": 390.486875579705,
        "U": 272.0073528417936,
        "T": 295.2033197645311,
        "accessT": 306.7767918210242,
        "middleCornerT": 290.7988995852632,
        "leftDownCornerU": 58.034472514187634,
        "V": 321.40939625343873,
        "rightDownCornerV": 122.0,
        "rightUpCornerV2": 70.0
    }
}