{
    "P": {
        "leftDownCornerP": 288.0
    },
    "leftUpCornerP": {
        "leftDownCornerP": 58.008620049092706,
        "leftDownCornerR": 173.64907140552177,
        "leftUpCornerR": 225.80079716422614,
        "rightUpCornerS": 225.85393509965684,
        "middleS": 219.4766502386985,
        "middleU_V2": 448.5755231842237,
        "rightDownCornerV": 573.7525599071432,
        "rightUpCornerV2": 521.8198923000157,
        "rightDownCornerV2": 460.8730844820513,
        "V2": 518.7754813018827
    },
    "leftDownCornerP": {
        "P": 288.0,
        "leftUpCornerP": 58.008620049092706,
        "leftDownCornerR": 231.42385356743154,
        "leftUpCornerR": 283.5718603811034,
        "rightUpCornerS": 278.36127604248406,
        "middleS": 268.41199675126296,
        "middleU_V2": 506.1867244406949,
        "rightDownCornerV": 630.8922253443927,
        "rightUpCornerV2": 578.8825442177368,
        "rightDownCornerV2": 517.7074463439752,
        "V2": 568.1065040993634
    },
    "rightDownCornerP": {
        "rightUpCornerP": 56.00892785976178
    },
    "rightUpCornerP": {
        "rightDownCornerP": 56.00892785976178,
        "R": 483.5131849288083,
        "leftDownCornerR": 580.2620097852349,
        "rightUpCornerR": 407.65303874741323,
        "rightDownCornerR": 377.0,
        "middleS": 690.3245613477765,
        "accessT": 476.94234452394767,
        "middleCornerT": 476.28772816439437,
        "leftDownCornerT": 631.9572770369845
    },
    "R": {
        "rightUpCornerP": 483.5131849288083,
        "leftDownCornerR": 101.0,
        "rightDownCornerR": 114.0
    },
    "leftDownCornerR": {
        "leftUpCornerP": 173.64907140552177,
        "leftDownCornerP": 231.42385356743154,
        "rightUpCornerP": 580.2620097852349,
        "R": 101.0,
        "leftUpCornerR": 52.15361924162119,
        "rightDownCornerR": 215.0,
        "rightUpCornerS": 92.34717104492157,
        "middleS": 112.16059914247963,
        "leftDownCornerT": 161.37533888422976,
        "leftUpCornerU": 333.073565447635,
        "leftDownCornerU": 269.1189328159578,
        "middleU_V2": 274.9872724327437,
        "rightDownCornerV": 400.8615721168593,
        "rightUpCornerV2": 349.15039739344417,
        "rightDownCornerV2": 288.90482862008383,
        "V2": 373.35505889166683
    },
    "leftUpCornerR": {
        "leftUpCornerP": 225.80079716422614,
        "leftDownCornerP": 283.5718603811034,
        "leftDownCornerR": 52.15361924162119,
        "rightUpCornerR": 214.05840324546944,
        "rightUpCornerS": 87.36131867136622,
        "middleS": 117.38824472663352,
        "accessT": 224.07588000496617,
        "middleCornerT": 232.1766568800576,
        "leftDownCornerT": 110.0272693471941,
        "leftUpCornerU": 281.215220071745,
        "leftDownCornerU": 217.33154395991392,
        "middleU_V2": 222.89459392277777,
        "rightDownCornerV": 349.15039739344417,
        "rightUpCornerV2": 297.59368272864936,
        "rightDownCornerV2": 237.84448700779257,
        "V2": 335.3356527421443
    },
    "rightUpCornerR": {
        "rightUpCornerP": 407.65303874741323,
        "leftUpCornerR": 214.05840324546944,
        "rightDownCornerR": 57.21887800367987,
        "T": 150.05332385522155,
        "accessT": 99.14131328563285,
        "middleCornerT": 104.38869670610895,
        "leftDownCornerT": 224.5373020235168,
        "U": 212.11553455605272,
        "V2": 516.7136537774089
    },
    "rightDownCornerR": {
        "rightUpCornerP": 377.0,
        "R": 114.0,
        "leftDownCornerR": 215.0,
        "rightUpCornerR": 57.21887800367987,
        "T": 207.1955597979841,
        "accessT": 156.28499608087785,
        "middleCornerT": 161.60754932861275,
        "U": 269.2675249635574
    },
    "rightUpCornerS": {
        "leftUpCornerP": 225.85393509965684,
        "leftDownCornerP": 278.36127604248406,
        "leftDownCornerR": 92.34717104492157,
        "leftUpCornerR": 87.36131867136622,
        "middleS": 32.55764119219941,
        "accessT": 310.1902641928015,
        "middleCornerT": 318.1351913888182,
        "leftDownCornerT": 165.8010856418015,
        "leftUpCornerU": 319.4526568992658,
        "leftDownCornerU": 259.4166532819356,
        "middleU_V2": 251.09759058979438,
        "rightDownCornerV2": 251.3364279208249,
        "V2": 294.6082144136514
    },
    "middleS": {
        "leftUpCornerP": 219.4766502386985,
        "leftDownCornerP": 268.41199675126296,
        "rightUpCornerP": 690.3245613477765,
        "leftDownCornerR": 112.16059914247963,
        "leftUpCornerR": 117.38824472663352,
        "rightUpCornerS": 32.55764119219941,
        "accessT": 341.2477106150311,
        "middleCornerT": 349.2763948508402,
        "leftDownCornerT": 197.87369708983556,
        "leftUpCornerU": 347.97988447610015,
        "leftDownCornerU": 289.0830330545188,
        "middleU_V2": 278.44209451877066,
        "rightDownCornerV2": 275.49591648516315,
        "V2": 299.8032688280767
    },
    "T": {
        "rightUpCornerR": 150.05332385522155,
        "rightDownCornerR": 207.1955597979841,
        "accessT": 53.150729063673246,
        "middleCornerT": 46.2709412050371,
        "U": 62.07253821135398,
        "leftDownCornerU": 207.48011952955878,
        "middleU_V2": 247.94555854057964,
        "rightDownCornerV2": 290.077575831018,
        "V2": 472.5727457228146
    },
    "accessT": {
        "rightUpCornerP": 476.94234452394767,
        "leftUpCornerR": 224.07588000496617,
        "rightUpCornerR": 99.14131328563285,
        "rightDownCornerR": 156.28499608087785,
        "rightUpCornerS": 310.1902641928015,
        "middleS": 341.2477106150311,
        "T": 53.150729063673246,
        "middleCornerT": 8.48528137423857,
        "leftDownCornerT": 184.09780009549272,
        "U": 114.28035701729323
    },
    "middleCornerT": {
        "rightUpCornerP": 476.28772816439437,
        "leftUpCornerR": 232.1766568800576,
        "rightUpCornerR": 104.38869670610895,
        "rightDownCornerR": 161.60754932861275,
        "rightUpCornerS": 318.1351913888182,
        "middleS": 349.2763948508402,
        "T": 46.2709412050371,
        "accessT": 8.48528137423857,
        "leftDownCornerT": 190.0,
        "U": 108.01851693112621
    },
    "leftUpCornerT": {},
    "leftDownCornerT": {
        "rightUpCornerP": 631.9572770369845,
        "leftDownCornerR": 161.37533888422976,
        "leftUpCornerR": 110.0272693471941,
        "rightUpCornerR": 224.5373020235168,
        "rightUpCornerS": 165.8010856418015,
        "middleS": 197.87369708983556,
        "accessT": 184.09780009549272,
        "middleCornerT": 190.0,
        "V2": 293.07336965340266
    },
    "U": {
        "rightUpCornerR": 212.11553455605272,
        "rightDownCornerR": 269.2675249635574,
        "T": 62.07253821135398,
        "accessT": 114.28035701729323,
        "middleCornerT": 108.01851693112621,
        "leftDownCornerU": 195.0,
        "V2": 466.0171670657638
    },
    "leftUpCornerU": {
        "leftDownCornerR": 333.073565447635,
        "leftUpCornerR": 281.215220071745,
        "rightUpCornerS": 319.4526568992658,
        "middleS": 347.97988447610015,
        "leftDownCornerU": 64.00781202322104,
        "middleU_V2": 72.11102550927978,
        "rightDownCornerV": 104.86181383134664,
        "rightUpCornerV2": 82.38931969618392,
        "rightDownCornerV2": 98.18350166906862
    },
    "leftDownCornerU": {
        "leftDownCornerR": 269.1189328159578,
        "leftUpCornerR": 217.33154395991392,
        "rightUpCornerS": 259.4166532819356,
        "middleS": 289.0830330545188,
        "T": 207.48011952955878,
        "U": 195.0,
        "leftUpCornerU": 64.00781202322104,
        "middleU_V2": 41.19465984809196,
        "rightDownCornerV": 151.47607071745688,
        "rightUpCornerV2": 109.87720418721983,
        "rightDownCornerV2": 83.60023923410746,
        "V2": 271.02951868754076
    },
    "middleU_V2": {
        "leftUpCornerP": 448.5755231842237,